id,claim,evidence,label,data_origin,source_name,source_url,source_record_id,license,topic,language,fact_key,evidence_group,provenance,verification_status,source_title,source_section,claim_family,review_status
cg-rd-0001,Python lists are mutable.,"Lists are mutable data structures. Methods such as append, insert, remove, pop, sort, and reverse change the existing list. Tuples are immutable, although a tuple can contain a separate mutable object such as a list.",Supported,synthetic,Python documentation (Python Software Foundation),https://docs.python.org/3/tutorial/datastructures.html,python-docs:list_mutability,Python Software Foundation License Version 2; source attribution and URL retained,collections and mutability,Python,list_mutability,page:https://docs.python.org/3/tutorial/datastructures.html,Synthetic claim wording grounded in the linked official documentation excerpt; not a human annotation.,Legacy synthetic pilot record; expert review pending,The Python Tutorial: Data Structures,5.1 More on Lists; 5.3 Tuples and Sequences,list_mutability,pending_expert_review
cg-rd-0002,Python lists are immutable.,"Lists are mutable data structures. Methods such as append, insert, remove, pop, sort, and reverse change the existing list. Tuples are immutable, although a tuple can contain a separate mutable object such as a list.",Contradicted,synthetic,Python documentation (Python Software Foundation),https://docs.python.org/3/tutorial/datastructures.html,python-docs:list_mutability,Python Software Foundation License Version 2; source attribution and URL retained,collections and mutability,Python,list_mutability,page:https://docs.python.org/3/tutorial/datastructures.html,Synthetic claim wording grounded in the linked official documentation excerpt; not a human annotation.,Legacy synthetic pilot record; expert review pending,The Python Tutorial: Data Structures,5.1 More on Lists; 5.3 Tuples and Sequences,list_mutability,pending_expert_review
cg-rd-0003,Python tuples are immutable.,"Tuples are immutable: assigning to an individual tuple item is not allowed. A tuple may contain a mutable object, but that does not make the tuple's own item bindings mutable.",Supported,synthetic,Python documentation (Python Software Foundation),https://docs.python.org/3/tutorial/datastructures.html,python-docs:tuple_mutability,Python Software Foundation License Version 2; source attribution and URL retained,collections and mutability,Python,tuple_mutability,page:https://docs.python.org/3/tutorial/datastructures.html,Synthetic claim wording grounded in the linked official documentation excerpt; not a human annotation.,Legacy synthetic pilot record; expert review pending,The Python Tutorial: Data Structures,5.3 Tuples and Sequences,tuple_mutability,pending_expert_review
cg-rd-0004,Python tuples are mutable.,"Tuples are immutable: assigning to an individual tuple item is not allowed. A tuple may contain a mutable object, but that does not make the tuple's own item bindings mutable.",Contradicted,synthetic,Python documentation (Python Software Foundation),https://docs.python.org/3/tutorial/datastructures.html,python-docs:tuple_mutability,Python Software Foundation License Version 2; source attribution and URL retained,collections and mutability,Python,tuple_mutability,page:https://docs.python.org/3/tutorial/datastructures.html,Synthetic claim wording grounded in the linked official documentation excerpt; not a human annotation.,Legacy synthetic pilot record; expert review pending,The Python Tutorial: Data Structures,5.3 Tuples and Sequences,tuple_mutability,pending_expert_review
cg-rd-0005,Python dictionaries preserve insertion order.,"Iterating over a dictionary, including list(dict), produces keys in insertion order. Calling sorted on the dictionary keys is a separate way to obtain sorted order.",Supported,synthetic,Python documentation (Python Software Foundation),https://docs.python.org/3/tutorial/datastructures.html,python-docs:dict_insertion_order,Python Software Foundation License Version 2; source attribution and URL retained,dictionaries,Python,dict_insertion_order,page:https://docs.python.org/3/tutorial/datastructures.html,Synthetic claim wording grounded in the linked official documentation excerpt; not a human annotation.,Legacy synthetic pilot record; expert review pending,The Python Tutorial: Data Structures,5.5 Dictionaries,dict_insertion_order,pending_expert_review
cg-rd-0006,Python dictionaries do not preserve insertion order.,"Iterating over a dictionary, including list(dict), produces keys in insertion order. Calling sorted on the dictionary keys is a separate way to obtain sorted order.",Contradicted,synthetic,Python documentation (Python Software Foundation),https://docs.python.org/3/tutorial/datastructures.html,python-docs:dict_insertion_order,Python Software Foundation License Version 2; source attribution and URL retained,dictionaries,Python,dict_insertion_order,page:https://docs.python.org/3/tutorial/datastructures.html,Synthetic claim wording grounded in the linked official documentation excerpt; not a human annotation.,Legacy synthetic pilot record; expert review pending,The Python Tutorial: Data Structures,5.5 Dictionaries,dict_insertion_order,pending_expert_review
cg-rd-0007,Python sets are unordered.,A set is an unordered collection with no duplicate elements. Iterating over a set or printing it can produce elements in an order different from what a reader expects.,Supported,synthetic,Python documentation (Python Software Foundation),https://docs.python.org/3/tutorial/datastructures.html,python-docs:set_insertion_order,Python Software Foundation License Version 2; source attribution and URL retained,sets,Python,set_insertion_order,page:https://docs.python.org/3/tutorial/datastructures.html,Synthetic claim wording grounded in the linked official documentation excerpt; not a human annotation.,Legacy synthetic pilot record; expert review pending,The Python Tutorial: Data Structures,5.4 Sets,set_insertion_order,pending_expert_review
cg-rd-0008,Python sets preserve insertion order.,A set is an unordered collection with no duplicate elements. Iterating over a set or printing it can produce elements in an order different from what a reader expects.,Contradicted,synthetic,Python documentation (Python Software Foundation),https://docs.python.org/3/tutorial/datastructures.html,python-docs:set_insertion_order,Python Software Foundation License Version 2; source attribution and URL retained,sets,Python,set_insertion_order,page:https://docs.python.org/3/tutorial/datastructures.html,Synthetic claim wording grounded in the linked official documentation excerpt; not a human annotation.,Legacy synthetic pilot record; expert review pending,The Python Tutorial: Data Structures,5.4 Sets,set_insertion_order,pending_expert_review
cg-rd-0012,Python floating point values always represent decimal fractions exactly.,"A list can represent a queue, but inserts and pops at the beginning are slow because the other elements must shift. The tutorial recommends collections.deque for efficient operations at both ends.",Insufficient Evidence,synthetic,Python documentation (Python Software Foundation),https://docs.python.org/3/tutorial/datastructures.html,python-docs:pilot_insufficient_out-of-scope_3,Python Software Foundation License Version 2; source attribution and URL retained,pilot out-of-scope example,Python,pilot_insufficient_out-of-scope_3,page:https://docs.python.org/3/tutorial/datastructures.html,Synthetic claim wording grounded in the linked official documentation excerpt; not a human annotation.,Legacy synthetic pilot record; expert review pending,The Python Tutorial: Data Structures,5.1.2 Using Lists as Queues,pilot_insufficient_out-of-scope_3,pending_expert_review
cg-rd-0014,Every Python dictionary operation is thread safe in every implementation.,"Iterating over a dictionary, including list(dict), produces keys in insertion order. Calling sorted on the dictionary keys is a separate way to obtain sorted order.",Insufficient Evidence,synthetic,Python documentation (Python Software Foundation),https://docs.python.org/3/tutorial/datastructures.html,python-docs:pilot_insufficient_out-of-scope_5,Python Software Foundation License Version 2; source attribution and URL retained,pilot out-of-scope example,Python,pilot_insufficient_out-of-scope_5,page:https://docs.python.org/3/tutorial/datastructures.html,Synthetic claim wording grounded in the linked official documentation excerpt; not a human annotation.,Legacy synthetic pilot record; expert review pending,The Python Tutorial: Data Structures,5.5 Dictionaries,pilot_insufficient_out-of-scope_5,pending_expert_review
cg-rd-0015,A Python list comprehension produces a new list.,"A list comprehension evaluates an expression for items selected by its for and optional if clauses, producing a new list.",Supported,synthetic,Python documentation (Python Software Foundation),https://docs.python.org/3/tutorial/datastructures.html,python-docs:list_comprehension_new_list,Python Software Foundation License Version 2; source attribution and URL retained,comprehensions,Python,list_comprehension_new_list,page:https://docs.python.org/3/tutorial/datastructures.html,Synthetic claim wording grounded in the linked official documentation excerpt; not a human annotation.,Legacy synthetic pilot record; expert review pending,Curated Python documentation passage,5.1.3 List Comprehensions,list_comprehension_new_list,pending_expert_review
cg-rd-0016,A Python list comprehension modifies its input list in place.,"A list comprehension evaluates an expression for items selected by its for and optional if clauses, producing a new list.",Contradicted,synthetic,Python documentation (Python Software Foundation),https://docs.python.org/3/tutorial/datastructures.html,python-docs:list_comprehension_new_list,Python Software Foundation License Version 2; source attribution and URL retained,comprehensions,Python,list_comprehension_new_list,page:https://docs.python.org/3/tutorial/datastructures.html,Synthetic claim wording grounded in the linked official documentation excerpt; not a human annotation.,Legacy synthetic pilot record; expert review pending,Curated Python documentation passage,5.1.3 List Comprehensions,list_comprehension_new_list,pending_expert_review
cg-rd-0017,dict.get returns None by default when a key is missing.,"Dictionary subscription with a missing key raises KeyError. The get method returns None by default for a missing key, or returns the caller-provided default value.",Supported,synthetic,Python documentation (Python Software Foundation),https://docs.python.org/3/tutorial/datastructures.html,python-docs:dict_get_missing_key,Python Software Foundation License Version 2; source attribution and URL retained,dictionaries and exceptions,Python,dict_get_missing_key,page:https://docs.python.org/3/tutorial/datastructures.html,Synthetic claim wording grounded in the linked official documentation excerpt; not a human annotation.,Legacy synthetic pilot record; expert review pending,Curated Python documentation passage,5.5 Dictionaries,dict_get_missing_key,pending_expert_review
cg-rd-0018,dict.get raises KeyError by default when a key is missing.,"Dictionary subscription with a missing key raises KeyError. The get method returns None by default for a missing key, or returns the caller-provided default value.",Contradicted,synthetic,Python documentation (Python Software Foundation),https://docs.python.org/3/tutorial/datastructures.html,python-docs:dict_get_missing_key,Python Software Foundation License Version 2; source attribution and URL retained,dictionaries and exceptions,Python,dict_get_missing_key,page:https://docs.python.org/3/tutorial/datastructures.html,Synthetic claim wording grounded in the linked official documentation excerpt; not a human annotation.,Legacy synthetic pilot record; expert review pending,Curated Python documentation passage,5.5 Dictionaries,dict_get_missing_key,pending_expert_review
cg-rd-0019,Inserting or popping at the front of a Python list shifts the remaining elements.,"A list can represent a queue, but inserts and pops at the beginning are slow because the other elements must shift. The tutorial recommends collections.deque for efficient operations at both ends.",Supported,synthetic,Python documentation (Python Software Foundation),https://docs.python.org/3/tutorial/datastructures.html,python-docs:list_front_queue_performance,Python Software Foundation License Version 2; source attribution and URL retained,collections and performance,Python,list_front_queue_performance,page:https://docs.python.org/3/tutorial/datastructures.html,Synthetic claim wording grounded in the linked official documentation excerpt; not a human annotation.,Legacy synthetic pilot record; expert review pending,Curated Python documentation passage,5.1.2 Using Lists as Queues,list_front_queue_performance,pending_expert_review
cg-rd-0020,Inserting or popping at the front of a Python list leaves the remaining elements in place.,"A list can represent a queue, but inserts and pops at the beginning are slow because the other elements must shift. The tutorial recommends collections.deque for efficient operations at both ends.",Contradicted,synthetic,Python documentation (Python Software Foundation),https://docs.python.org/3/tutorial/datastructures.html,python-docs:list_front_queue_performance,Python Software Foundation License Version 2; source attribution and URL retained,collections and performance,Python,list_front_queue_performance,page:https://docs.python.org/3/tutorial/datastructures.html,Synthetic claim wording grounded in the linked official documentation excerpt; not a human annotation.,Legacy synthetic pilot record; expert review pending,Curated Python documentation passage,5.1.2 Using Lists as Queues,list_front_queue_performance,pending_expert_review
cg-rd-0029,"A file opened with a with statement is closed when the block exits, including after an exception.","Using with open(...) as file is recommended for files. The context manager closes the file when the with block finishes, even when an exception occurs.",Supported,synthetic,Python documentation (Python Software Foundation),https://docs.python.org/3/tutorial/inputoutput.html#reading-and-writing-files,python-docs:with_open_closes_file,Python Software Foundation License Version 2; source attribution and URL retained,file handling and exceptions,Python,with_open_closes_file,page:https://docs.python.org/3/tutorial/inputoutput.html#reading-and-writing-files,Synthetic claim wording grounded in the linked official documentation excerpt; not a human annotation.,Legacy synthetic pilot record; expert review pending,Curated Python documentation passage,Reading and Writing Files,with_open_closes_file,pending_expert_review
cg-rd-0030,A file opened with a with statement stays open after the block exits with an exception.,"Using with open(...) as file is recommended for files. The context manager closes the file when the with block finishes, even when an exception occurs.",Contradicted,synthetic,Python documentation (Python Software Foundation),https://docs.python.org/3/tutorial/inputoutput.html#reading-and-writing-files,python-docs:with_open_closes_file,Python Software Foundation License Version 2; source attribution and URL retained,file handling and exceptions,Python,with_open_closes_file,page:https://docs.python.org/3/tutorial/inputoutput.html#reading-and-writing-files,Synthetic claim wording grounded in the linked official documentation excerpt; not a human annotation.,Legacy synthetic pilot record; expert review pending,Curated Python documentation passage,Reading and Writing Files,with_open_closes_file,pending_expert_review
cg-rd-0031,Python range(10) excludes 10.,The given end point is never part of the generated sequence; range(10) generates 10 values.,Supported,synthetic,Python documentation (Python Software Foundation),https://docs.python.org/3/tutorial/controlflow.html,python-docs:range_stop,Python Software Foundation License Version 2; source attribution and URL retained,range,Python,range_stop,page:https://docs.python.org/3/tutorial/controlflow.html,Synthetic claim wording grounded in the linked official documentation excerpt; not a human annotation.,Source checked; independent human expert review pending,The Python Tutorial,Control flow — range,range_stop,pending_expert_review
cg-rd-0032,Python range(10) includes 10.,The given end point is never part of the generated sequence; range(10) generates 10 values.,Contradicted,synthetic,Python documentation (Python Software Foundation),https://docs.python.org/3/tutorial/controlflow.html,python-docs:range_stop,Python Software Foundation License Version 2; source attribution and URL retained,range,Python,range_stop,page:https://docs.python.org/3/tutorial/controlflow.html,Synthetic claim wording grounded in the linked official documentation excerpt; not a human annotation.,Source checked; independent human expert review pending,The Python Tutorial,Control flow — range,range_stop,pending_expert_review
cg-rd-0033,A for-else suite is skipped when the loop exits with break.,"The else clause executes after the for loop completes normally, but not when the loop is terminated by a break statement.",Supported,synthetic,Python documentation (Python Software Foundation),https://docs.python.org/3/tutorial/controlflow.html,python-docs:for_else_break,Python Software Foundation License Version 2; source attribution and URL retained,loops,Python,for_else_break,page:https://docs.python.org/3/tutorial/controlflow.html,Synthetic claim wording grounded in the linked official documentation excerpt; not a human annotation.,Source checked; independent human expert review pending,The Python Tutorial,Control flow — for statements,for_else_break,pending_expert_review
cg-rd-0034,A for-else suite runs after a break exits the loop.,"The else clause executes after the for loop completes normally, but not when the loop is terminated by a break statement.",Contradicted,synthetic,Python documentation (Python Software Foundation),https://docs.python.org/3/tutorial/controlflow.html,python-docs:for_else_break,Python Software Foundation License Version 2; source attribution and URL retained,loops,Python,for_else_break,page:https://docs.python.org/3/tutorial/controlflow.html,Synthetic claim wording grounded in the linked official documentation excerpt; not a human annotation.,Source checked; independent human expert review pending,The Python Tutorial,Control flow — for statements,for_else_break,pending_expert_review
cg-rd-0035,A mutable default argument is evaluated once when its function is defined.,The default value is evaluated only once. This makes a difference when the default is a mutable object such as a list or dictionary.,Supported,synthetic,Python documentation (Python Software Foundation),https://docs.python.org/3/tutorial/controlflow.html,python-docs:default_once,Python Software Foundation License Version 2; source attribution and URL retained,functions,Python,default_once,page:https://docs.python.org/3/tutorial/controlflow.html,Synthetic claim wording grounded in the linked official documentation excerpt; not a human annotation.,Source checked; independent human expert review pending,The Python Tutorial,Control flow — default argument values,default_once,pending_expert_review
cg-rd-0036,A mutable default argument is freshly evaluated on every function call.,The default value is evaluated only once. This makes a difference when the default is a mutable object such as a list or dictionary.,Contradicted,synthetic,Python documentation (Python Software Foundation),https://docs.python.org/3/tutorial/controlflow.html,python-docs:default_once,Python Software Foundation License Version 2; source attribution and URL retained,functions,Python,default_once,page:https://docs.python.org/3/tutorial/controlflow.html,Synthetic claim wording grounded in the linked official documentation excerpt; not a human annotation.,Source checked; independent human expert review pending,The Python Tutorial,Control flow — default argument values,default_once,pending_expert_review
cg-rd-0037,A Python function that reaches its end without return returns None.,"If a function definition does not include a return statement, it returns None.",Supported,synthetic,Python documentation (Python Software Foundation),https://docs.python.org/3/tutorial/controlflow.html,python-docs:fallthrough_none,Python Software Foundation License Version 2; source attribution and URL retained,functions,Python,fallthrough_none,page:https://docs.python.org/3/tutorial/controlflow.html,Synthetic claim wording grounded in the linked official documentation excerpt; not a human annotation.,Source checked; independent human expert review pending,The Python Tutorial,Control flow — defining functions,fallthrough_none,pending_expert_review
cg-rd-0038,A Python function that reaches its end without return returns zero.,"If a function definition does not include a return statement, it returns None.",Contradicted,synthetic,Python documentation (Python Software Foundation),https://docs.python.org/3/tutorial/controlflow.html,python-docs:fallthrough_none,Python Software Foundation License Version 2; source attribution and URL retained,functions,Python,fallthrough_none,page:https://docs.python.org/3/tutorial/controlflow.html,Synthetic claim wording grounded in the linked official documentation excerpt; not a human annotation.,Source checked; independent human expert review pending,The Python Tutorial,Control flow — defining functions,fallthrough_none,pending_expert_review
cg-rd-0039,A name assigned in a function body is local by default.,"When a variable is used in a function, the value is looked up in the local symbol table; the local symbol table is populated from the function's parameters and variables assigned in the function body.",Supported,synthetic,Python documentation (Python Software Foundation),https://docs.python.org/3/tutorial/controlflow.html,python-docs:function_scope,Python Software Foundation License Version 2; source attribution and URL retained,functions,Python,function_scope,page:https://docs.python.org/3/tutorial/controlflow.html,Synthetic claim wording grounded in the linked official documentation excerpt; not a human annotation.,Source checked; independent human expert review pending,The Python Tutorial,Control flow — defining functions,function_scope,pending_expert_review
cg-rd-0040,A name assigned in a function body is global by default.,"When a variable is used in a function, the value is looked up in the local symbol table; the local symbol table is populated from the function's parameters and variables assigned in the function body.",Contradicted,synthetic,Python documentation (Python Software Foundation),https://docs.python.org/3/tutorial/controlflow.html,python-docs:function_scope,Python Software Foundation License Version 2; source attribution and URL retained,functions,Python,function_scope,page:https://docs.python.org/3/tutorial/controlflow.html,Synthetic claim wording grounded in the linked official documentation excerpt; not a human annotation.,Source checked; independent human expert review pending,The Python Tutorial,Control flow — defining functions,function_scope,pending_expert_review
cg-rd-0047,Python strings are immutable.,Strings are immutable sequences of Unicode code points.,Supported,synthetic,Python documentation (Python Software Foundation),https://docs.python.org/3/library/stdtypes.html,python-docs:string_immutable,Python Software Foundation License Version 2; source attribution and URL retained,strings,Python,string_immutable,page:https://docs.python.org/3/library/stdtypes.html,Synthetic claim wording grounded in the linked official documentation excerpt; not a human annotation.,Source checked; independent human expert review pending,Python Library Reference,Built-in types — text sequence type str,string_immutable,pending_expert_review
cg-rd-0048,Python strings are mutable.,Strings are immutable sequences of Unicode code points.,Contradicted,synthetic,Python documentation (Python Software Foundation),https://docs.python.org/3/library/stdtypes.html,python-docs:string_immutable,Python Software Foundation License Version 2; source attribution and URL retained,strings,Python,string_immutable,page:https://docs.python.org/3/library/stdtypes.html,Synthetic claim wording grounded in the linked official documentation excerpt; not a human annotation.,Source checked; independent human expert review pending,Python Library Reference,Built-in types — text sequence type str,string_immutable,pending_expert_review
cg-rd-0049,Indexing a Python string produces a string of length one.,The items of a string are Unicode code points. There is no separate character type; a character is represented by a string of length 1.,Supported,synthetic,Python documentation (Python Software Foundation),https://docs.python.org/3/library/stdtypes.html,python-docs:str_index,Python Software Foundation License Version 2; source attribution and URL retained,strings,Python,str_index,page:https://docs.python.org/3/library/stdtypes.html,Synthetic claim wording grounded in the linked official documentation excerpt; not a human annotation.,Source checked; independent human expert review pending,Python Library Reference,Built-in types — text sequence type str,str_index,pending_expert_review
cg-rd-0050,Indexing a Python string produces a separate character type.,The items of a string are Unicode code points. There is no separate character type; a character is represented by a string of length 1.,Contradicted,synthetic,Python documentation (Python Software Foundation),https://docs.python.org/3/library/stdtypes.html,python-docs:str_index,Python Software Foundation License Version 2; source attribution and URL retained,strings,Python,str_index,page:https://docs.python.org/3/library/stdtypes.html,Synthetic claim wording grounded in the linked official documentation excerpt; not a human annotation.,Source checked; independent human expert review pending,Python Library Reference,Built-in types — text sequence type str,str_index,pending_expert_review
cg-rd-0051,bool is a subclass of int in Python.,"bool is a subclass of int (see Numeric Types — int, float, complex). In many numeric contexts, False and True behave like 0 and 1, respectively.",Supported,synthetic,Python documentation (Python Software Foundation),https://docs.python.org/3/library/functions.html,python-docs:bool_int,Python Software Foundation License Version 2; source attribution and URL retained,built-ins,Python,bool_int,page:https://docs.python.org/3/library/functions.html,Synthetic claim wording grounded in the linked official documentation excerpt; not a human annotation.,Source checked; independent human expert review pending,Python Library Reference,Built-in functions — bool,bool_int,pending_expert_review
cg-rd-0052,bool is not a subclass of int in Python.,"bool is a subclass of int (see Numeric Types — int, float, complex). In many numeric contexts, False and True behave like 0 and 1, respectively.",Contradicted,synthetic,Python documentation (Python Software Foundation),https://docs.python.org/3/library/functions.html,python-docs:bool_int,Python Software Foundation License Version 2; source attribution and URL retained,built-ins,Python,bool_int,page:https://docs.python.org/3/library/functions.html,Synthetic claim wording grounded in the linked official documentation excerpt; not a human annotation.,Source checked; independent human expert review pending,Python Library Reference,Built-in functions — bool,bool_int,pending_expert_review
cg-rd-0053,all([]) returns True.,Return True if all elements of the iterable are true (or if the iterable is empty).,Supported,synthetic,Python documentation (Python Software Foundation),https://docs.python.org/3/library/functions.html,python-docs:all_empty,Python Software Foundation License Version 2; source attribution and URL retained,built-ins,Python,all_empty,page:https://docs.python.org/3/library/functions.html,Synthetic claim wording grounded in the linked official documentation excerpt; not a human annotation.,Source checked; independent human expert review pending,Python Library Reference,Built-in functions — all,all_empty,pending_expert_review
cg-rd-0054,all([]) returns False.,Return True if all elements of the iterable are true (or if the iterable is empty).,Contradicted,synthetic,Python documentation (Python Software Foundation),https://docs.python.org/3/library/functions.html,python-docs:all_empty,Python Software Foundation License Version 2; source attribution and URL retained,built-ins,Python,all_empty,page:https://docs.python.org/3/library/functions.html,Synthetic claim wording grounded in the linked official documentation excerpt; not a human annotation.,Source checked; independent human expert review pending,Python Library Reference,Built-in functions — all,all_empty,pending_expert_review
cg-rd-0055,any([]) returns False.,"Return True if any element of the iterable is true. If the iterable is empty, return False.",Supported,synthetic,Python documentation (Python Software Foundation),https://docs.python.org/3/library/functions.html,python-docs:any_empty,Python Software Foundation License Version 2; source attribution and URL retained,built-ins,Python,any_empty,page:https://docs.python.org/3/library/functions.html,Synthetic claim wording grounded in the linked official documentation excerpt; not a human annotation.,Source checked; independent human expert review pending,Python Library Reference,Built-in functions — any,any_empty,pending_expert_review
cg-rd-0056,any([]) returns True.,"Return True if any element of the iterable is true. If the iterable is empty, return False.",Contradicted,synthetic,Python documentation (Python Software Foundation),https://docs.python.org/3/library/functions.html,python-docs:any_empty,Python Software Foundation License Version 2; source attribution and URL retained,built-ins,Python,any_empty,page:https://docs.python.org/3/library/functions.html,Synthetic claim wording grounded in the linked official documentation excerpt; not a human annotation.,Source checked; independent human expert review pending,Python Library Reference,Built-in functions — any,any_empty,pending_expert_review
cg-rd-0057,Each enumerate result is a pair containing a count and an item.,"An enumerate object yields pairs containing a count (from start, which defaults to zero) and a value obtained from iterating over iterable.",Supported,synthetic,Python documentation (Python Software Foundation),https://docs.python.org/3/library/functions.html,python-docs:enumerate_tuple,Python Software Foundation License Version 2; source attribution and URL retained,built-ins,Python,enumerate_tuple,page:https://docs.python.org/3/library/functions.html,Synthetic claim wording grounded in the linked official documentation excerpt; not a human annotation.,Source checked; independent human expert review pending,Python Library Reference,Built-in functions — enumerate,enumerate_tuple,pending_expert_review
cg-rd-0058,enumerate returns only the current item and never a count.,"An enumerate object yields pairs containing a count (from start, which defaults to zero) and a value obtained from iterating over iterable.",Contradicted,synthetic,Python documentation (Python Software Foundation),https://docs.python.org/3/library/functions.html,python-docs:enumerate_tuple,Python Software Foundation License Version 2; source attribution and URL retained,built-ins,Python,enumerate_tuple,page:https://docs.python.org/3/library/functions.html,Synthetic claim wording grounded in the linked official documentation excerpt; not a human annotation.,Source checked; independent human expert review pending,Python Library Reference,Built-in functions — enumerate,enumerate_tuple,pending_expert_review
cg-rd-0059,"A range object uses a small, constant amount of memory as its represented sequence grows.","The range type represents an immutable sequence of numbers and is commonly used for looping a specific number of times. The advantage of the range type over a regular list is that a range object will always take the same (small) amount of memory, no matter the size of the range it represents.",Supported,synthetic,Python documentation (Python Software Foundation),https://docs.python.org/3/library/stdtypes.html,python-docs:range_constant_memory,Python Software Foundation License Version 2; source attribution and URL retained,sequences,Python,range_constant_memory,page:https://docs.python.org/3/library/stdtypes.html,Synthetic claim wording grounded in the linked official documentation excerpt; not a human annotation.,Source checked; independent human expert review pending,Python Library Reference,Built-in types — range,range_constant_memory,pending_expert_review
cg-rd-0060,A range object stores every represented integer in memory.,"The range type represents an immutable sequence of numbers and is commonly used for looping a specific number of times. The advantage of the range type over a regular list is that a range object will always take the same (small) amount of memory, no matter the size of the range it represents.",Contradicted,synthetic,Python documentation (Python Software Foundation),https://docs.python.org/3/library/stdtypes.html,python-docs:range_constant_memory,Python Software Foundation License Version 2; source attribution and URL retained,sequences,Python,range_constant_memory,page:https://docs.python.org/3/library/stdtypes.html,Synthetic claim wording grounded in the linked official documentation excerpt; not a human annotation.,Source checked; independent human expert review pending,Python Library Reference,Built-in types — range,range_constant_memory,pending_expert_review
cg-rd-0061,The range constructor accepts an arbitrary number of keyword-only arguments.,The given end point is never part of the generated sequence; range(10) generates 10 values.,Insufficient Evidence,synthetic,Python documentation (Python Software Foundation),https://docs.python.org/3/tutorial/controlflow.html,python-docs:out_of_scope_range_stop,Python Software Foundation License Version 2; source attribution and URL retained,range,Python,out_of_scope_range_stop,page:https://docs.python.org/3/tutorial/controlflow.html,Synthetic claim wording grounded in the linked official documentation excerpt; not a human annotation.,Source checked; independent human expert review pending,Python documentation excerpt,Control flow — range,ie_range_stop,pending_expert_review
cg-rd-0062,A for-else suite runs a finalizer in a background thread after the loop ends.,"The else clause executes after the for loop completes normally, but not when the loop is terminated by a break statement.",Insufficient Evidence,synthetic,Python documentation (Python Software Foundation),https://docs.python.org/3/tutorial/controlflow.html,python-docs:out_of_scope_for_else_break,Python Software Foundation License Version 2; source attribution and URL retained,loops,Python,out_of_scope_for_else_break,page:https://docs.python.org/3/tutorial/controlflow.html,Synthetic claim wording grounded in the linked official documentation excerpt; not a human annotation.,Source checked; independent human expert review pending,Python documentation excerpt,Control flow — for statements,ie_for_else_break,pending_expert_review
cg-rd-0063,Python stores every default argument object in a function's __defaults__ tuple.,The default value is evaluated only once. This makes a difference when the default is a mutable object such as a list or dictionary.,Insufficient Evidence,synthetic,Python documentation (Python Software Foundation),https://docs.python.org/3/tutorial/controlflow.html,python-docs:out_of_scope_default_once,Python Software Foundation License Version 2; source attribution and URL retained,functions,Python,out_of_scope_default_once,page:https://docs.python.org/3/tutorial/controlflow.html,Synthetic claim wording grounded in the linked official documentation excerpt; not a human annotation.,Source checked; independent human expert review pending,Python documentation excerpt,Control flow — default argument values,ie_default_once,pending_expert_review
cg-rd-0064,A function's implicit return value is written into a CPU register chosen by the interpreter.,"If a function definition does not include a return statement, it returns None.",Insufficient Evidence,synthetic,Python documentation (Python Software Foundation),https://docs.python.org/3/tutorial/controlflow.html,python-docs:out_of_scope_fallthrough_none,Python Software Foundation License Version 2; source attribution and URL retained,functions,Python,out_of_scope_fallthrough_none,page:https://docs.python.org/3/tutorial/controlflow.html,Synthetic claim wording grounded in the linked official documentation excerpt; not a human annotation.,Source checked; independent human expert review pending,Python documentation excerpt,Control flow — defining functions,ie_fallthrough_none,pending_expert_review
cg-rd-0065,Python function locals are serialized to disk whenever the function returns.,"When a variable is used in a function, the value is looked up in the local symbol table; the local symbol table is populated from the function's parameters and variables assigned in the function body.",Insufficient Evidence,synthetic,Python documentation (Python Software Foundation),https://docs.python.org/3/tutorial/controlflow.html,python-docs:out_of_scope_function_scope,Python Software Foundation License Version 2; source attribution and URL retained,functions,Python,out_of_scope_function_scope,page:https://docs.python.org/3/tutorial/controlflow.html,Synthetic claim wording grounded in the linked official documentation excerpt; not a human annotation.,Source checked; independent human expert review pending,Python documentation excerpt,Control flow — defining functions,ie_function_scope,pending_expert_review
