source_name,source_url,page_title,section,source_type,license,license_url,retrieval_date,provenance_status,evidence_group
Python Software Foundation documentation,https://docs.python.org/3/library/stdtypes.html,Built-in Types,Memory Views,official Python documentation,Python Software Foundation License Version 2; retain attribution and source URL,https://docs.python.org/3/license.html,2026-09-26,official canonical docs.python.org page; stable /3/ URL; section recorded,page:https://docs.python.org/3/library/stdtypes.html
Python Software Foundation documentation,https://docs.python.org/3/library/functions.html,Built-in Functions,sorted,official Python documentation,Python Software Foundation License Version 2; retain attribution and source URL,https://docs.python.org/3/license.html,2026-09-26,official canonical docs.python.org page; stable /3/ URL; section recorded,page:https://docs.python.org/3/library/functions.html
Python Software Foundation documentation,https://docs.python.org/3/tutorial/datastructures.html,The Python Tutorial,Tuples and Sequences,official Python documentation,Python Software Foundation License Version 2; retain attribution and source URL,https://docs.python.org/3/license.html,2026-09-26,official canonical docs.python.org page; stable /3/ URL; section recorded,page:https://docs.python.org/3/tutorial/datastructures.html
Python Software Foundation documentation,https://docs.python.org/3/tutorial/controlflow.html,The Python Tutorial,Positional-Only Parameters,official Python documentation,Python Software Foundation License Version 2; retain attribution and source URL,https://docs.python.org/3/license.html,2026-09-26,official canonical docs.python.org page; stable /3/ URL; section recorded,page:https://docs.python.org/3/tutorial/controlflow.html
Python Software Foundation documentation,https://docs.python.org/3/library/typing.html,Typing,Cast,official Python documentation,Python Software Foundation License Version 2; retain attribution and source URL,https://docs.python.org/3/license.html,2026-09-26,official canonical docs.python.org page; stable /3/ URL; section recorded,page:https://docs.python.org/3/library/typing.html
Python Software Foundation documentation,https://docs.python.org/3/library/__main__.html,__main__ - Top-level code environment,__main__,official Python documentation,Python Software Foundation License Version 2; retain attribution and source URL,https://docs.python.org/3/license.html,2026-09-26,official canonical docs.python.org page; stable /3/ URL; section recorded,page:https://docs.python.org/3/library/__main__.html
Python Software Foundation documentation,https://docs.python.org/3/library/json.html,JSON,Basic Usage,official Python documentation,Python Software Foundation License Version 2; retain attribution and source URL,https://docs.python.org/3/license.html,2026-09-26,official canonical docs.python.org page; stable /3/ URL; section recorded,page:https://docs.python.org/3/library/json.html
Python Software Foundation documentation,https://docs.python.org/3/library/collections.html,Collections - Container Datatypes,deque objects,official Python documentation,Python Software Foundation License Version 2; retain attribution and source URL,https://docs.python.org/3/license.html,2026-09-26,official canonical docs.python.org page; stable /3/ URL; section recorded,page:https://docs.python.org/3/library/collections.html
Python Software Foundation documentation,https://docs.python.org/3/library/itertools.html,Itertools,count,official Python documentation,Python Software Foundation License Version 2; retain attribution and source URL,https://docs.python.org/3/license.html,2026-09-26,official canonical docs.python.org page; stable /3/ URL; section recorded,page:https://docs.python.org/3/library/itertools.html
Python Software Foundation documentation,https://docs.python.org/3/library/functools.html,Functools,partial objects,official Python documentation,Python Software Foundation License Version 2; retain attribution and source URL,https://docs.python.org/3/license.html,2026-09-26,official canonical docs.python.org page; stable /3/ URL; section recorded,page:https://docs.python.org/3/library/functools.html
Python Software Foundation documentation,https://docs.python.org/3/library/re.html,Regular Expression Operations,fullmatch,official Python documentation,Python Software Foundation License Version 2; retain attribution and source URL,https://docs.python.org/3/license.html,2026-09-26,official canonical docs.python.org page; stable /3/ URL; section recorded,page:https://docs.python.org/3/library/re.html
Python Software Foundation documentation,https://docs.python.org/3/library/copy.html,Copy,Shallow and deep copy operations,official Python documentation,Python Software Foundation License Version 2; retain attribution and source URL,https://docs.python.org/3/license.html,2026-09-26,official canonical docs.python.org page; stable /3/ URL; section recorded,page:https://docs.python.org/3/library/copy.html
Python Software Foundation documentation,https://docs.python.org/3/library/contextlib.html,Contextlib,suppress,official Python documentation,Python Software Foundation License Version 2; retain attribution and source URL,https://docs.python.org/3/license.html,2026-09-26,official canonical docs.python.org page; stable /3/ URL; section recorded,page:https://docs.python.org/3/library/contextlib.html
Python Software Foundation documentation,https://docs.python.org/3/library/pathlib.html,Pathlib,Pure paths and concrete paths,official Python documentation,Python Software Foundation License Version 2; retain attribution and source URL,https://docs.python.org/3/license.html,2026-09-26,official canonical docs.python.org page; stable /3/ URL; section recorded,page:https://docs.python.org/3/library/pathlib.html
Python Software Foundation documentation,https://docs.python.org/3/library/asyncio-task.html,Asyncio Tasks,Task Object,official Python documentation,Python Software Foundation License Version 2; retain attribution and source URL,https://docs.python.org/3/license.html,2026-09-26,official canonical docs.python.org page; stable /3/ URL; section recorded,page:https://docs.python.org/3/library/asyncio-task.html
Python Software Foundation documentation,https://docs.python.org/3/library/subprocess.html,Subprocess,run,official Python documentation,Python Software Foundation License Version 2; retain attribution and source URL,https://docs.python.org/3/license.html,2026-09-26,official canonical docs.python.org page; stable /3/ URL; section recorded,page:https://docs.python.org/3/library/subprocess.html
Python Software Foundation documentation,https://docs.python.org/3/library/tempfile.html,Tempfile,TemporaryDirectory,official Python documentation,Python Software Foundation License Version 2; retain attribution and source URL,https://docs.python.org/3/license.html,2026-09-26,official canonical docs.python.org page; stable /3/ URL; section recorded,page:https://docs.python.org/3/library/tempfile.html
Python Software Foundation documentation,https://docs.python.org/3/library/math.html,Mathematical functions,Summation,official Python documentation,Python Software Foundation License Version 2; retain attribution and source URL,https://docs.python.org/3/license.html,2026-09-26,official canonical docs.python.org page; stable /3/ URL; section recorded,page:https://docs.python.org/3/library/math.html
Python Software Foundation documentation,https://docs.python.org/3/library/statistics.html,Statistics,statistics.mode,official Python documentation,Python Software Foundation License Version 2; retain attribution and source URL,https://docs.python.org/3/license.html,2026-09-26,official canonical docs.python.org page; stable /3/ URL; section recorded,page:https://docs.python.org/3/library/statistics.html
Python Software Foundation documentation,https://docs.python.org/3/library/io.html,Core tools for working with streams,In-memory streams,official Python documentation,Python Software Foundation License Version 2; retain attribution and source URL,https://docs.python.org/3/license.html,2026-09-26,official canonical docs.python.org page; stable /3/ URL; section recorded,page:https://docs.python.org/3/library/io.html
Python Software Foundation documentation,https://docs.python.org/3/library/dataclasses.html,Data Classes,Module-level decorators and functions,official Python documentation,Python Software Foundation License Version 2; retain attribution and source URL,https://docs.python.org/3/license.html,2026-09-26,official canonical docs.python.org page; stable /3/ URL; section recorded,page:https://docs.python.org/3/library/dataclasses.html
Python Software Foundation documentation,https://docs.python.org/3/library/string.html,Common string operations,string.capwords,official Python documentation,Python Software Foundation License Version 2; retain attribution and source URL,https://docs.python.org/3/license.html,2026-09-26,official canonical docs.python.org page; stable /3/ URL; section recorded,page:https://docs.python.org/3/library/string.html
Python Software Foundation documentation,https://docs.python.org/3/library/csv.html,CSV File Reading and Writing,Sniffer,official Python documentation,Python Software Foundation License Version 2; retain attribution and source URL,https://docs.python.org/3/license.html,2026-09-26,official canonical docs.python.org page; stable /3/ URL; section recorded,page:https://docs.python.org/3/library/csv.html
Python Software Foundation documentation,https://docs.python.org/3/library/enum.html,Support for enumerations,auto,official Python documentation,Python Software Foundation License Version 2; retain attribution and source URL,https://docs.python.org/3/license.html,2026-09-26,official canonical docs.python.org page; stable /3/ URL; section recorded,page:https://docs.python.org/3/library/enum.html
Python Software Foundation documentation,https://docs.python.org/3/library/concurrent.futures.html,Launching parallel tasks,Executor.shutdown,official Python documentation,Python Software Foundation License Version 2; retain attribution and source URL,https://docs.python.org/3/license.html,2026-09-26,official canonical docs.python.org page; stable /3/ URL; section recorded,page:https://docs.python.org/3/library/concurrent.futures.html
Python Software Foundation documentation,https://docs.python.org/3/library/multiprocessing.html,Process-based parallelism,Synchronization between processes,official Python documentation,Python Software Foundation License Version 2; retain attribution and source URL,https://docs.python.org/3/license.html,2026-09-26,official canonical docs.python.org page; stable /3/ URL; section recorded,page:https://docs.python.org/3/library/multiprocessing.html
Python Software Foundation documentation,https://docs.python.org/3/library/pickle.html,Python object serialization,What can be pickled,official Python documentation,Python Software Foundation License Version 2; retain attribution and source URL,https://docs.python.org/3/license.html,2026-09-26,official canonical docs.python.org page; stable /3/ URL; section recorded,page:https://docs.python.org/3/library/pickle.html
Python Software Foundation documentation,https://docs.python.org/3/library/sqlite3.html,SQLite database,How to use placeholders to bind values in SQL queries,official Python documentation,Python Software Foundation License Version 2; retain attribution and source URL,https://docs.python.org/3/license.html,2026-09-26,official canonical docs.python.org page; stable /3/ URL; section recorded,page:https://docs.python.org/3/library/sqlite3.html
Python Software Foundation documentation,https://docs.python.org/3/library/datetime.html,Basic date and time types,strftime() and strptime() Behavior,official Python documentation,Python Software Foundation License Version 2; retain attribution and source URL,https://docs.python.org/3/license.html,2026-09-26,official canonical docs.python.org page; stable /3/ URL; section recorded,page:https://docs.python.org/3/library/datetime.html
Python Software Foundation documentation,https://docs.python.org/3/library/logging.html,Logging facility,Logging to a file,official Python documentation,Python Software Foundation License Version 2; retain attribution and source URL,https://docs.python.org/3/license.html,2026-09-26,official canonical docs.python.org page; stable /3/ URL; section recorded,page:https://docs.python.org/3/library/logging.html
Python Software Foundation documentation,https://docs.python.org/3/library/argparse.html,"Parser for command-line options, arguments and subcommands",Default,official Python documentation,Python Software Foundation License Version 2; retain attribution and source URL,https://docs.python.org/3/license.html,2026-09-26,official canonical docs.python.org page; stable /3/ URL; section recorded,page:https://docs.python.org/3/library/argparse.html
Python Software Foundation documentation,https://docs.python.org/3/library/decimal.html,Decimal fixed-point and floating-point arithmetic,Decimal objects,official Python documentation,Python Software Foundation License Version 2; retain attribution and source URL,https://docs.python.org/3/license.html,2026-09-26,official canonical docs.python.org page; stable /3/ URL; section recorded,page:https://docs.python.org/3/library/decimal.html
Python Software Foundation documentation,https://docs.python.org/3/reference/executionmodel.html,Execution model,Resolution of names,official Python documentation,Python Software Foundation License Version 2; retain attribution and source URL,https://docs.python.org/3/license.html,2026-09-26,Official Python documentation page checked; evidence paraphrased; independent review pending,page:https://docs.python.org/3/reference/executionmodel.html
Python Software Foundation documentation,https://docs.python.org/3/library/threading.html,Thread-based parallelism,Lock objects,official Python documentation,Python Software Foundation License Version 2; retain attribution and source URL,https://docs.python.org/3/license.html,2026-09-26,Official Python documentation page checked; evidence paraphrased; independent review pending,page:https://docs.python.org/3/library/threading.html
Python Software Foundation documentation,https://docs.python.org/3/library/warnings.html,Warning control,Repeated Warning Suppression Criteria,official Python documentation,Python Software Foundation License Version 2; retain attribution and source URL,https://docs.python.org/3/license.html,2026-09-26,Official Python documentation page checked; evidence paraphrased; independent review pending,page:https://docs.python.org/3/library/warnings.html
Python Software Foundation documentation,https://docs.python.org/3/library/os.html,Miscellaneous operating system interfaces,Process Parameters,official Python documentation,Python Software Foundation License Version 2; retain attribution and source URL,https://docs.python.org/3/license.html,2026-09-26,Official Python documentation page checked; evidence paraphrased; independent review pending,page:https://docs.python.org/3/library/os.html
Python Software Foundation documentation,https://docs.python.org/3/reference/import.html,The import system,The module cache,official Python documentation,Python Software Foundation License Version 2; retain attribution and source URL,https://docs.python.org/3/license.html,2026-09-26,Official Python documentation page checked; evidence paraphrased; independent review pending,page:https://docs.python.org/3/reference/import.html
Python Software Foundation documentation,https://docs.python.org/3/reference/datamodel.html,Data model,Invoking Descriptors,official Python documentation,Python Software Foundation License Version 2; retain attribution and source URL,https://docs.python.org/3/license.html,2026-09-26,Official Python documentation page checked; evidence paraphrased; independent review pending,page:https://docs.python.org/3/reference/datamodel.html
Python Software Foundation documentation,https://docs.python.org/3/reference/expressions.html,Expressions,Yield expressions,official Python documentation,Python Software Foundation License Version 2; retain attribution and source URL,https://docs.python.org/3/license.html,2026-09-26,Official Python documentation page checked; evidence paraphrased; independent review pending,page:https://docs.python.org/3/reference/expressions.html
Python documentation (Python Software Foundation),https://docs.python.org/3/reference/compound_stmts.html#the-for-statement,Curated Python documentation passage,The for statement,official programming documentation,Python Software Foundation License Version 2; source attribution and URL retained,https://docs.python.org/3/license.html,2026-09-26,carried forward from Phase 16; independent page revision pin not recorded,page:https://docs.python.org/3/reference/compound_stmts.html#the-for-statement
Python documentation (Python Software Foundation),https://docs.python.org/3/reference/compound_stmts.html#function-definitions,Curated Python documentation passage,Function definitions,official programming documentation,Python Software Foundation License Version 2; source attribution and URL retained,https://docs.python.org/3/license.html,2026-09-26,carried forward from Phase 16; independent page revision pin not recorded,page:https://docs.python.org/3/reference/compound_stmts.html#function-definitions
Python documentation (Python Software Foundation),https://docs.python.org/3/tutorial/classes.html,The Python Tutorial,Classes — generator expressions,official programming documentation,Python Software Foundation License Version 2; source attribution and URL retained,https://docs.python.org/3/license.html,2026-09-26,carried forward from Phase 16; independent page revision pin not recorded,page:https://docs.python.org/3/tutorial/classes.html
Python documentation (Python Software Foundation),https://docs.python.org/3/library/functions.html#sorted,Built-in Functions,"sorted(iterable, *, key=None, reverse=False)",official programming documentation,Python Software Foundation License Version 2; source attribution and URL retained,https://docs.python.org/3/license.html,2026-09-26,carried forward from Phase 16; independent page revision pin not recorded,page:https://docs.python.org/3/library/functions.html#sorted
Python documentation (Python Software Foundation),https://docs.python.org/3/tutorial/errors.html,Curated Python documentation passage,8. Errors and Exceptions,official programming documentation,Python Software Foundation License Version 2; source attribution and URL retained,https://docs.python.org/3/license.html,2026-09-26,carried forward from Phase 16; independent page revision pin not recorded,page:https://docs.python.org/3/tutorial/errors.html
Python documentation (Python Software Foundation),https://docs.python.org/3/tutorial/inputoutput.html#reading-and-writing-files,Curated Python documentation passage,Reading and Writing Files,official programming documentation,Python Software Foundation License Version 2; source attribution and URL retained,https://docs.python.org/3/license.html,2026-09-26,carried forward from Phase 16; independent page revision pin not recorded,page:https://docs.python.org/3/tutorial/inputoutput.html#reading-and-writing-files
