claim,evidence,label,data_origin,source,source_url,license,topic,fact_key,evidence_chunk_id,source_section,source_record_id,leakage_group,label_reason,question_context,title
Python lists are mutable.,"Lists are mutable data structures. Methods such as append, insert, remove, pop, sort, and reverse change the existing list. Tuples are immutable, although a tuple can contain a separate mutable object such as a list.",SUPPORTED,synthetic,Python Software Foundation,https://docs.python.org/3/tutorial/datastructures.html,PSF License Version 2 (Python documentation); attribution/source link retained,collections and mutability,list_mutability,tutorial-data-lists-mutability,5.1 More on Lists; 5.3 Tuples and Sequences,codeguard-pilot:rule:list_mutability,evidence:tutorial-data-lists-mutability,Preserved from the existing synthetic pilot; not a human annotation. Synthetic claim wording checked against the existing proposition rule and its retrieved curated corpus fact.,Classify the claim using this Python documentation passage (The Python Tutorial: Data Structures).,The Python Tutorial: Data Structures
Python lists are immutable.,"Lists are mutable data structures. Methods such as append, insert, remove, pop, sort, and reverse change the existing list. Tuples are immutable, although a tuple can contain a separate mutable object such as a list.",CONTRADICTED,synthetic,Python Software Foundation,https://docs.python.org/3/tutorial/datastructures.html,PSF License Version 2 (Python documentation); attribution/source link retained,collections and mutability,list_mutability,tutorial-data-lists-mutability,5.1 More on Lists; 5.3 Tuples and Sequences,codeguard-pilot:rule:list_mutability,evidence:tutorial-data-lists-mutability,Preserved from the existing synthetic pilot; not a human annotation. Synthetic claim wording checked against the existing proposition rule and its retrieved curated corpus fact.,Classify the claim using this Python documentation passage (The Python Tutorial: Data Structures).,The Python Tutorial: Data Structures
Python tuples are immutable.,"Tuples are immutable: assigning to an individual tuple item is not allowed. A tuple may contain a mutable object, but that does not make the tuple's own item bindings mutable.",SUPPORTED,synthetic,Python Software Foundation,https://docs.python.org/3/tutorial/datastructures.html,PSF License Version 2 (Python documentation); attribution/source link retained,collections and mutability,tuple_mutability,tutorial-data-tuples-immutable,5.3 Tuples and Sequences,codeguard-pilot:rule:tuple_mutability,evidence:tutorial-data-tuples-immutable,Preserved from the existing synthetic pilot; not a human annotation. Synthetic claim wording checked against the existing proposition rule and its retrieved curated corpus fact.,Classify the claim using this Python documentation passage (The Python Tutorial: Data Structures).,The Python Tutorial: Data Structures
Python tuples are mutable.,"Tuples are immutable: assigning to an individual tuple item is not allowed. A tuple may contain a mutable object, but that does not make the tuple's own item bindings mutable.",CONTRADICTED,synthetic,Python Software Foundation,https://docs.python.org/3/tutorial/datastructures.html,PSF License Version 2 (Python documentation); attribution/source link retained,collections and mutability,tuple_mutability,tutorial-data-tuples-immutable,5.3 Tuples and Sequences,codeguard-pilot:rule:tuple_mutability,evidence:tutorial-data-tuples-immutable,Preserved from the existing synthetic pilot; not a human annotation. Synthetic claim wording checked against the existing proposition rule and its retrieved curated corpus fact.,Classify the claim using this Python documentation passage (The Python Tutorial: Data Structures).,The Python Tutorial: Data Structures
Python dictionaries preserve insertion order.,"Iterating over a dictionary, including list(dict), produces keys in insertion order. Calling sorted on the dictionary keys is a separate way to obtain sorted order.",SUPPORTED,synthetic,Python Software Foundation,https://docs.python.org/3/tutorial/datastructures.html,PSF License Version 2 (Python documentation); attribution/source link retained,dictionaries,dict_insertion_order,tutorial-dict-order,5.5 Dictionaries,codeguard-pilot:rule:dict_insertion_order,evidence:tutorial-dict-order,Preserved from the existing synthetic pilot; not a human annotation. Synthetic claim wording checked against the existing proposition rule and its retrieved curated corpus fact.,Classify the claim using this Python documentation passage (The Python Tutorial: Data Structures).,The Python Tutorial: Data Structures
Python dictionaries do not preserve insertion order.,"Iterating over a dictionary, including list(dict), produces keys in insertion order. Calling sorted on the dictionary keys is a separate way to obtain sorted order.",CONTRADICTED,synthetic,Python Software Foundation,https://docs.python.org/3/tutorial/datastructures.html,PSF License Version 2 (Python documentation); attribution/source link retained,dictionaries,dict_insertion_order,tutorial-dict-order,5.5 Dictionaries,codeguard-pilot:rule:dict_insertion_order,evidence:tutorial-dict-order,Preserved from the existing synthetic pilot; not a human annotation. Synthetic claim wording checked against the existing proposition rule and its retrieved curated corpus fact.,Classify the claim using this Python documentation passage (The Python Tutorial: Data Structures).,The Python Tutorial: Data Structures
Python sets are unordered.,A set is an unordered collection with no duplicate elements. Iterating over a set or printing it can produce elements in an order different from what a reader expects.,SUPPORTED,synthetic,Python Software Foundation,https://docs.python.org/3/tutorial/datastructures.html,PSF License Version 2 (Python documentation); attribution/source link retained,sets,set_insertion_order,tutorial-set-order,5.4 Sets,codeguard-pilot:rule:set_insertion_order,evidence:tutorial-set-order,Preserved from the existing synthetic pilot; not a human annotation. Synthetic claim wording checked against the existing proposition rule and its retrieved curated corpus fact.,Classify the claim using this Python documentation passage (The Python Tutorial: Data Structures).,The Python Tutorial: Data Structures
Python sets preserve insertion order.,A set is an unordered collection with no duplicate elements. Iterating over a set or printing it can produce elements in an order different from what a reader expects.,CONTRADICTED,synthetic,Python Software Foundation,https://docs.python.org/3/tutorial/datastructures.html,PSF License Version 2 (Python documentation); attribution/source link retained,sets,set_insertion_order,tutorial-set-order,5.4 Sets,codeguard-pilot:rule:set_insertion_order,evidence:tutorial-set-order,Preserved from the existing synthetic pilot; not a human annotation. Synthetic claim wording checked against the existing proposition rule and its retrieved curated corpus fact.,Classify the claim using this Python documentation passage (The Python Tutorial: Data Structures).,The Python Tutorial: Data Structures
Python sorted is stable.,The built-in sorted function is guaranteed to be stable. A stable sort preserves the relative order of elements that compare equal.,SUPPORTED,synthetic,Python Software Foundation,https://docs.python.org/3/library/functions.html#sorted,PSF License Version 2 (Python documentation); attribution/source link retained,built-ins and sorting,sorted_stability,builtins-sorted-stable,"sorted(iterable, *, key=None, reverse=False)",codeguard-pilot:rule:sorted_stability,evidence:builtins-sorted-stable,Preserved from the existing synthetic pilot; not a human annotation. Synthetic claim wording checked against the existing proposition rule and its retrieved curated corpus fact.,Classify the claim using this Python documentation passage (Built-in Functions).,Built-in Functions
Python sorted is unstable.,The built-in sorted function is guaranteed to be stable. A stable sort preserves the relative order of elements that compare equal.,CONTRADICTED,synthetic,Python Software Foundation,https://docs.python.org/3/library/functions.html#sorted,PSF License Version 2 (Python documentation); attribution/source link retained,built-ins and sorting,sorted_stability,builtins-sorted-stable,"sorted(iterable, *, key=None, reverse=False)",codeguard-pilot:rule:sorted_stability,evidence:builtins-sorted-stable,Preserved from the existing synthetic pilot; not a human annotation. Synthetic claim wording checked against the existing proposition rule and its retrieved curated corpus fact.,Classify the claim using this Python documentation passage (Built-in Functions).,Built-in Functions
An exhausted Python generator can be restarted to yield its values again.,A for loop's optional else suite runs when the loop finishes normally because the iterator is exhausted. It does not run when a break statement terminates the loop.,INSUFFICIENT_EVIDENCE,synthetic,Python Software Foundation,https://docs.python.org/3/reference/compound_stmts.html#the-for-statement,PSF License Version 2 (Python documentation); attribution/source link retained,pilot out-of-scope example,pilot_insufficient_out-of-scope_1,reference-for-loop-else,The for statement,codeguard-pilot:out-of-scope:1,evidence:reference-for-loop-else,Preserved from the existing synthetic pilot; not a human annotation. Synthetic out-of-scope topic; current corpus and explicit verifier rules do not establish this claim. This label does not mean false.,Classify the claim using this Python documentation passage (The Python Language Reference: Compound Statements).,The Python Language Reference: Compound Statements
Python strings can be modified in place after creation.,,INSUFFICIENT_EVIDENCE,synthetic,No passage retrieved in pilot,,CodeGuard-generated synthetic claim; no source passage included,pilot out-of-scope example,pilot_insufficient_out-of-scope_2,none:out-of-scope:2,,codeguard-pilot:out-of-scope:2,evidence:out-of-scope:2,Preserved from the existing synthetic pilot; not a human annotation. Synthetic out-of-scope topic; current corpus and explicit verifier rules do not establish this claim. This label does not mean false.,Classify the claim using this Python documentation passage (no passage retrieved).,No retrieved passage
Python floating point values always represent decimal fractions exactly.,"A list can represent a queue, but inserts and pops at the beginning are slow because the other elements must shift. The tutorial recommends collections.deque for efficient operations at both ends.",INSUFFICIENT_EVIDENCE,synthetic,Python Software Foundation,https://docs.python.org/3/tutorial/datastructures.html,PSF License Version 2 (Python documentation); attribution/source link retained,pilot out-of-scope example,pilot_insufficient_out-of-scope_3,tutorial-list-queue,5.1.2 Using Lists as Queues,codeguard-pilot:out-of-scope:3,evidence:tutorial-list-queue,Preserved from the existing synthetic pilot; not a human annotation. Synthetic out-of-scope topic; current corpus and explicit verifier rules do not establish this claim. This label does not mean false.,Classify the claim using this Python documentation passage (The Python Tutorial: Data Structures).,The Python Tutorial: Data Structures
Python functions are memoized automatically after their first call.,Executing a function definition binds a function object to its name. The function body is not executed by defining it; the body runs when the function is called.,INSUFFICIENT_EVIDENCE,synthetic,Python Software Foundation,https://docs.python.org/3/reference/compound_stmts.html#function-definitions,PSF License Version 2 (Python documentation); attribution/source link retained,pilot out-of-scope example,pilot_insufficient_out-of-scope_4,reference-function-definitions,Function definitions,codeguard-pilot:out-of-scope:4,evidence:reference-function-definitions,Preserved from the existing synthetic pilot; not a human annotation. Synthetic out-of-scope topic; current corpus and explicit verifier rules do not establish this claim. This label does not mean false.,Classify the claim using this Python documentation passage (The Python Language Reference: Compound Statements).,The Python Language Reference: Compound Statements
Every Python dictionary operation is thread safe in every implementation.,"Iterating over a dictionary, including list(dict), produces keys in insertion order. Calling sorted on the dictionary keys is a separate way to obtain sorted order.",INSUFFICIENT_EVIDENCE,synthetic,Python Software Foundation,https://docs.python.org/3/tutorial/datastructures.html,PSF License Version 2 (Python documentation); attribution/source link retained,pilot out-of-scope example,pilot_insufficient_out-of-scope_5,tutorial-dict-order,5.5 Dictionaries,codeguard-pilot:out-of-scope:5,evidence:tutorial-dict-order,Preserved from the existing synthetic pilot; not a human annotation. Synthetic out-of-scope topic; current corpus and explicit verifier rules do not establish this claim. This label does not mean false.,Classify the claim using this Python documentation passage (The Python Tutorial: Data Structures).,The Python Tutorial: Data Structures
A Python list comprehension produces a new list.,"A list comprehension evaluates an expression for items selected by its for and optional if clauses, producing a new list.",SUPPORTED,synthetic,Python Software Foundation,https://docs.python.org/3/tutorial/datastructures.html,PSF License Version 2 (Python documentation); attribution/source link retained,comprehensions,list_comprehension_new_list,tutorial-list-comprehension,5.1.3 List Comprehensions,python-docs:tutorial-list-comprehension,evidence:tutorial-list-comprehension,Controlled synthetic claim checked against the exact curated Python documentation passage. Opposite claim is contradicted by that passage; no independent human annotation.,Classify the claim against the cited Python documentation passage.,Curated Python documentation passage
A Python list comprehension modifies its input list in place.,"A list comprehension evaluates an expression for items selected by its for and optional if clauses, producing a new list.",CONTRADICTED,synthetic,Python Software Foundation,https://docs.python.org/3/tutorial/datastructures.html,PSF License Version 2 (Python documentation); attribution/source link retained,comprehensions,list_comprehension_new_list,tutorial-list-comprehension,5.1.3 List Comprehensions,python-docs:tutorial-list-comprehension,evidence:tutorial-list-comprehension,Controlled synthetic claim checked against the exact curated Python documentation passage. Opposite claim is contradicted by that passage; no independent human annotation.,Classify the claim against the cited Python documentation passage.,Curated Python documentation passage
dict.get returns None by default when a key is missing.,"Dictionary subscription with a missing key raises KeyError. The get method returns None by default for a missing key, or returns the caller-provided default value.",SUPPORTED,synthetic,Python Software Foundation,https://docs.python.org/3/tutorial/datastructures.html,PSF License Version 2 (Python documentation); attribution/source link retained,dictionaries and exceptions,dict_get_missing_key,tutorial-dict-get,5.5 Dictionaries,python-docs:tutorial-dict-get,evidence:tutorial-dict-get,Controlled synthetic claim checked against the exact curated Python documentation passage. Opposite claim is contradicted by that passage; no independent human annotation.,Classify the claim against the cited Python documentation passage.,Curated Python documentation passage
dict.get raises KeyError by default when a key is missing.,"Dictionary subscription with a missing key raises KeyError. The get method returns None by default for a missing key, or returns the caller-provided default value.",CONTRADICTED,synthetic,Python Software Foundation,https://docs.python.org/3/tutorial/datastructures.html,PSF License Version 2 (Python documentation); attribution/source link retained,dictionaries and exceptions,dict_get_missing_key,tutorial-dict-get,5.5 Dictionaries,python-docs:tutorial-dict-get,evidence:tutorial-dict-get,Controlled synthetic claim checked against the exact curated Python documentation passage. Opposite claim is contradicted by that passage; no independent human annotation.,Classify the claim against the cited Python documentation passage.,Curated Python documentation passage
Inserting or popping at the front of a Python list shifts the remaining elements.,"A list can represent a queue, but inserts and pops at the beginning are slow because the other elements must shift. The tutorial recommends collections.deque for efficient operations at both ends.",SUPPORTED,synthetic,Python Software Foundation,https://docs.python.org/3/tutorial/datastructures.html,PSF License Version 2 (Python documentation); attribution/source link retained,collections and performance,list_front_queue_performance,tutorial-list-queue,5.1.2 Using Lists as Queues,python-docs:tutorial-list-queue,evidence:tutorial-list-queue,Controlled synthetic claim checked against the exact curated Python documentation passage. Opposite claim is contradicted by that passage; no independent human annotation.,Classify the claim against the cited Python documentation passage.,Curated Python documentation passage
Inserting or popping at the front of a Python list leaves the remaining elements in place.,"A list can represent a queue, but inserts and pops at the beginning are slow because the other elements must shift. The tutorial recommends collections.deque for efficient operations at both ends.",CONTRADICTED,synthetic,Python Software Foundation,https://docs.python.org/3/tutorial/datastructures.html,PSF License Version 2 (Python documentation); attribution/source link retained,collections and performance,list_front_queue_performance,tutorial-list-queue,5.1.2 Using Lists as Queues,python-docs:tutorial-list-queue,evidence:tutorial-list-queue,Controlled synthetic claim checked against the exact curated Python documentation passage. Opposite claim is contradicted by that passage; no independent human annotation.,Classify the claim against the cited Python documentation passage.,Curated Python documentation passage
Python's sorted function is stable.,The built-in sorted function is guaranteed to be stable. A stable sort preserves the relative order of elements that compare equal.,SUPPORTED,synthetic,Python Software Foundation,https://docs.python.org/3/library/functions.html#sorted,PSF License Version 2 (Python documentation); attribution/source link retained,built-ins and sorting,sorted_stability,builtins-sorted-stable,"sorted(iterable, *, key=None, reverse=False)",python-docs:builtins-sorted-stable,evidence:builtins-sorted-stable,Controlled synthetic claim checked against the exact curated Python documentation passage. Opposite claim is contradicted by that passage; no independent human annotation.,Classify the claim against the cited Python documentation passage.,Curated Python documentation passage
Python's sorted function is unstable.,The built-in sorted function is guaranteed to be stable. A stable sort preserves the relative order of elements that compare equal.,CONTRADICTED,synthetic,Python Software Foundation,https://docs.python.org/3/library/functions.html#sorted,PSF License Version 2 (Python documentation); attribution/source link retained,built-ins and sorting,sorted_stability,builtins-sorted-stable,"sorted(iterable, *, key=None, reverse=False)",python-docs:builtins-sorted-stable,evidence:builtins-sorted-stable,Controlled synthetic claim checked against the exact curated Python documentation passage. Opposite claim is contradicted by that passage; no independent human annotation.,Classify the claim against the cited Python documentation passage.,Curated Python documentation passage
Defining a Python function does not execute its body.,Executing a function definition binds a function object to its name. The function body is not executed by defining it; the body runs when the function is called.,SUPPORTED,synthetic,Python Software Foundation,https://docs.python.org/3/reference/compound_stmts.html#function-definitions,PSF License Version 2 (Python documentation); attribution/source link retained,functions,function_definition_executes_body,reference-function-definitions,Function definitions,python-docs:reference-function-definitions,evidence:reference-function-definitions,Controlled synthetic claim checked against the exact curated Python documentation passage. Opposite claim is contradicted by that passage; no independent human annotation.,Classify the claim against the cited Python documentation passage.,Curated Python documentation passage
Defining a Python function immediately executes its body.,Executing a function definition binds a function object to its name. The function body is not executed by defining it; the body runs when the function is called.,CONTRADICTED,synthetic,Python Software Foundation,https://docs.python.org/3/reference/compound_stmts.html#function-definitions,PSF License Version 2 (Python documentation); attribution/source link retained,functions,function_definition_executes_body,reference-function-definitions,Function definitions,python-docs:reference-function-definitions,evidence:reference-function-definitions,Controlled synthetic claim checked against the exact curated Python documentation passage. Opposite claim is contradicted by that passage; no independent human annotation.,Classify the claim against the cited Python documentation passage.,Curated Python documentation passage
A Python for-else suite does not run when the loop exits with break.,A for loop's optional else suite runs when the loop finishes normally because the iterator is exhausted. It does not run when a break statement terminates the loop.,SUPPORTED,synthetic,Python Software Foundation,https://docs.python.org/3/reference/compound_stmts.html#the-for-statement,PSF License Version 2 (Python documentation); attribution/source link retained,loops,for_else_after_break,reference-for-loop-else,The for statement,python-docs:reference-for-loop-else,evidence:reference-for-loop-else,Controlled synthetic claim checked against the exact curated Python documentation passage. Opposite claim is contradicted by that passage; no independent human annotation.,Classify the claim against the cited Python documentation passage.,Curated Python documentation passage
A Python for-else suite runs when the loop exits with break.,A for loop's optional else suite runs when the loop finishes normally because the iterator is exhausted. It does not run when a break statement terminates the loop.,CONTRADICTED,synthetic,Python Software Foundation,https://docs.python.org/3/reference/compound_stmts.html#the-for-statement,PSF License Version 2 (Python documentation); attribution/source link retained,loops,for_else_after_break,reference-for-loop-else,The for statement,python-docs:reference-for-loop-else,evidence:reference-for-loop-else,Controlled synthetic claim checked against the exact curated Python documentation passage. Opposite claim is contradicted by that passage; no independent human annotation.,Classify the claim against the cited Python documentation passage.,Curated Python documentation passage
An unhandled Python exception propagates to the caller.,"If an exception is not handled by an except clause, it is propagated to the caller and may continue up the call stack.",SUPPORTED,synthetic,Python Software Foundation,https://docs.python.org/3/tutorial/errors.html,PSF License Version 2 (Python documentation); attribution/source link retained,exceptions,unhandled_exception_propagates,tutorial-exceptions-propagate,8. Errors and Exceptions,python-docs:tutorial-exceptions-propagate,evidence:tutorial-exceptions-propagate,Controlled synthetic claim checked against the exact curated Python documentation passage. Opposite claim is contradicted by that passage; no independent human annotation.,Classify the claim against the cited Python documentation passage.,Curated Python documentation passage
An unhandled Python exception is silently discarded before reaching the caller.,"If an exception is not handled by an except clause, it is propagated to the caller and may continue up the call stack.",CONTRADICTED,synthetic,Python Software Foundation,https://docs.python.org/3/tutorial/errors.html,PSF License Version 2 (Python documentation); attribution/source link retained,exceptions,unhandled_exception_propagates,tutorial-exceptions-propagate,8. Errors and Exceptions,python-docs:tutorial-exceptions-propagate,evidence:tutorial-exceptions-propagate,Controlled synthetic claim checked against the exact curated Python documentation passage. Opposite claim is contradicted by that passage; no independent human annotation.,Classify the claim against the cited Python documentation passage.,Curated Python documentation passage
"A file opened with a with statement is closed when the block exits, including after an exception.","Using with open(...) as file is recommended for files. The context manager closes the file when the with block finishes, even when an exception occurs.",SUPPORTED,synthetic,Python Software Foundation,https://docs.python.org/3/tutorial/inputoutput.html#reading-and-writing-files,PSF License Version 2 (Python documentation); attribution/source link retained,file handling and exceptions,with_open_closes_file,tutorial-file-with,Reading and Writing Files,python-docs:tutorial-file-with,evidence:tutorial-file-with,Controlled synthetic claim checked against the exact curated Python documentation passage. Opposite claim is contradicted by that passage; no independent human annotation.,Classify the claim against the cited Python documentation passage.,Curated Python documentation passage
A file opened with a with statement stays open after the block exits with an exception.,"Using with open(...) as file is recommended for files. The context manager closes the file when the with block finishes, even when an exception occurs.",CONTRADICTED,synthetic,Python Software Foundation,https://docs.python.org/3/tutorial/inputoutput.html#reading-and-writing-files,PSF License Version 2 (Python documentation); attribution/source link retained,file handling and exceptions,with_open_closes_file,tutorial-file-with,Reading and Writing Files,python-docs:tutorial-file-with,evidence:tutorial-file-with,Controlled synthetic claim checked against the exact curated Python documentation passage. Opposite claim is contradicted by that passage; no independent human annotation.,Classify the claim against the cited Python documentation passage.,Curated Python documentation passage
