claim,evidence,label,data_origin,claim_length,evidence_length,tfidf_similarity,keyword_overlap,fact_key,question_context,source,title,source_url,source_section,evidence_chunk_id,leakage_group,label_reason
An exhausted Python generator can be restarted to yield its values again.,A for loop's optional else suite runs when the loop finishes normally because the iterator is exhausted. It does not run when a break statement terminates the loop.,INSUFFICIENT_EVIDENCE,synthetic,12,28,0.159791,0.083333,,Classify the claim using this Python documentation passage (The Python Language Reference: Compound Statements).,Python Software Foundation,The Python Language Reference: Compound Statements,https://docs.python.org/3/reference/compound_stmts.html#the-for-statement,The for statement,reference-for-loop-else#1,out-of-scope:1,Synthetic out-of-scope topic; current corpus and explicit verifier rules do not establish this claim. This label does not mean false.
Python floating point values always represent decimal fractions exactly.,"A list can represent a queue, but inserts and pops at the beginning are slow because the other elements must shift. The tutorial recommends collections.deque for efficient operations at both ends.",INSUFFICIENT_EVIDENCE,synthetic,9,31,0.1634,0.111111,,Classify the claim using this Python documentation passage (The Python Tutorial: Data Structures).,Python Software Foundation,The Python Tutorial: Data Structures,https://docs.python.org/3/tutorial/datastructures.html,5.1.2 Using Lists as Queues,tutorial-list-queue#1,out-of-scope:3,Synthetic out-of-scope topic; current corpus and explicit verifier rules do not establish this claim. This label does not mean false.
Python functions are memoized automatically after their first call.,Executing a function definition binds a function object to its name. The function body is not executed by defining it; the body runs when the function is called.,INSUFFICIENT_EVIDENCE,synthetic,9,28,0.329516,0.0,,Classify the claim using this Python documentation passage (The Python Language Reference: Compound Statements).,Python Software Foundation,The Python Language Reference: Compound Statements,https://docs.python.org/3/reference/compound_stmts.html#function-definitions,Function definitions,reference-function-definitions#1,out-of-scope:4,Synthetic out-of-scope topic; current corpus and explicit verifier rules do not establish this claim. This label does not mean false.
Python lists are immutable.,"Lists are mutable data structures. Methods such as append, insert, remove, pop, sort, and reverse change the existing list. Tuples are immutable, although a tuple can contain a separate mutable object such as a list.",CONTRADICTED,synthetic,4,35,0.326326,0.75,list_mutability,Classify the claim using this Python documentation passage (The Python Tutorial: Data Structures).,Python Software Foundation,The Python Tutorial: Data Structures,https://docs.python.org/3/tutorial/datastructures.html,5.1 More on Lists; 5.3 Tuples and Sequences,tutorial-data-lists-mutability#1,rule:list_mutability,Synthetic claim wording checked against the existing proposition rule and its retrieved curated corpus fact.
Python lists are mutable.,"Lists are mutable data structures. Methods such as append, insert, remove, pop, sort, and reverse change the existing list. Tuples are immutable, although a tuple can contain a separate mutable object such as a list.",SUPPORTED,synthetic,4,35,0.423851,0.75,list_mutability,Classify the claim using this Python documentation passage (The Python Tutorial: Data Structures).,Python Software Foundation,The Python Tutorial: Data Structures,https://docs.python.org/3/tutorial/datastructures.html,5.1 More on Lists; 5.3 Tuples and Sequences,tutorial-data-lists-mutability#1,rule:list_mutability,Synthetic claim wording checked against the existing proposition rule and its retrieved curated corpus fact.
Python sets are unordered.,A set is an unordered collection with no duplicate elements. Iterating over a set or printing it can produce elements in an order different from what a reader expects.,SUPPORTED,synthetic,4,29,0.475456,0.25,set_insertion_order,Classify the claim using this Python documentation passage (The Python Tutorial: Data Structures).,Python Software Foundation,The Python Tutorial: Data Structures,https://docs.python.org/3/tutorial/datastructures.html,5.4 Sets,tutorial-set-order#1,rule:set_insertion_order,Synthetic claim wording checked against the existing proposition rule and its retrieved curated corpus fact.
Python sets preserve insertion order.,A set is an unordered collection with no duplicate elements. Iterating over a set or printing it can produce elements in an order different from what a reader expects.,CONTRADICTED,synthetic,5,29,0.299549,0.2,set_insertion_order,Classify the claim using this Python documentation passage (The Python Tutorial: Data Structures).,Python Software Foundation,The Python Tutorial: Data Structures,https://docs.python.org/3/tutorial/datastructures.html,5.4 Sets,tutorial-set-order#1,rule:set_insertion_order,Synthetic claim wording checked against the existing proposition rule and its retrieved curated corpus fact.
Python sorted is stable.,The built-in sorted function is guaranteed to be stable. A stable sort preserves the relative order of elements that compare equal.,SUPPORTED,synthetic,4,21,0.527279,0.75,sorted_stability,Classify the claim using this Python documentation passage (Built-in Functions).,Python Software Foundation,Built-in Functions,https://docs.python.org/3/library/functions.html#sorted,"sorted(iterable, *, key=None, reverse=False)",builtins-sorted-stable#1,rule:sorted_stability,Synthetic claim wording checked against the existing proposition rule and its retrieved curated corpus fact.
Python sorted is unstable.,The built-in sorted function is guaranteed to be stable. A stable sort preserves the relative order of elements that compare equal.,CONTRADICTED,synthetic,4,21,0.24557,0.5,sorted_stability,Classify the claim using this Python documentation passage (Built-in Functions).,Python Software Foundation,Built-in Functions,https://docs.python.org/3/library/functions.html#sorted,"sorted(iterable, *, key=None, reverse=False)",builtins-sorted-stable#1,rule:sorted_stability,Synthetic claim wording checked against the existing proposition rule and its retrieved curated corpus fact.
